renset,learningRate,batchsize,,epoch_1,epoch_2,epoch_3,epoch_4,epoch_5,epoch_6,epoch_7,epoch_8,epoch_9,epoch_10,epoch_11,epoch_12,epoch_13,epoch_14,epoch_15,epoch_16,epoch_17,epoch_18,epoch_19,epoch_20,epoch_21,epoch_22,epoch_23,epoch_24,epoch_25,epoch_26,epoch_27,epoch_28,epoch_29,epoch_30,epoch_31,epoch_32,epoch_33,epoch_34,epoch_35,epoch_36,epoch_37,epoch_38,epoch_39,epoch_40,epoch_41,epoch_42,epoch_43,epoch_44,epoch_45,epoch_46,epoch_47,epoch_48,epoch_49,epoch_50
classic,0.1,16,loss,0.292690,0.287702,0.287668,0.287690,0.287697,0.287732,0.287724,0.287685,0.287689,0.287728,0.287718,0.287730,0.287722,0.287700,0.287667,0.287713,0.287736,0.287680,0.287691,0.287672,0.287708,0.287778,0.287711,0.287679,0.287699,0.287727,0.287702,0.287705,0.287708,0.287754,0.287680,0.287678,0.287720,0.287728,0.287730,0.287757,0.287706,0.287712,0.287684,0.287717,0.287711,0.287710,0.287726,0.287745,0.287707,0.287738,0.287728,0.287683,0.287700,0.287684
classic,0.1,16,accuracy,0.322083,0.320348,0.340931,0.323448,0.319434,0.322824,0.327683,0.331837,0.342389,0.321493,0.331629,0.330194,0.326306,0.337911,0.327105,0.318300,0.319838,0.329511,0.312514,0.323796,0.320729,0.312630,0.331467,0.322349,0.317200,0.320463,0.321586,0.326885,0.328412,0.313417,0.334301,0.338837,0.332196,0.310686,0.328308,0.311913,0.330067,0.316275,0.334891,0.330263,0.316518,0.330078,0.326931,0.319908,0.329951,0.328354,0.325543,0.332994,0.330946,0.333225
classic,0.1,16,val_loss,0.288890,0.288905,0.288938,0.288976,0.288929,0.289080,0.288919,0.288909,0.288892,0.289036,0.289081,0.289235,0.289051,0.289064,0.288921,0.288946,0.289053,0.288910,0.288969,0.288925,0.288879,0.288937,0.288905,0.288946,0.289118,0.288920,0.288943,0.288901,0.288971,0.288952,0.288930,0.288910,0.288946,0.289088,0.289180,0.289038,0.288956,0.288982,0.288950,0.288969,0.289110,0.288954,0.288953,0.288937,0.288875,0.288937,0.288905,0.288986,0.288896,0.288893
classic,0.1,16,val_accuracy,0.349658,0.349658,0.349658,0.349658,0.349658,0.349658,0.349658,0.349658,0.349658,0.349658,0.349658,0.349658,0.349658,0.349658,0.349658,0.349658,0.226045,0.349658,0.226045,0.226045,0.349658,0.349658,0.349658,0.349658,0.349658,0.349658,0.349658,0.349658,0.349658,0.349658,0.349658,0.349658,0.226045,0.349658,0.226045,0.349658,0.349658,0.349658,0.349658,0.349658,0.284684,0.349658,0.226045,0.226045,0.349658,0.226045,0.349658,0.226045,0.349658,0.349658
classic,0.01,16,loss,0.472625,0.472611,0.472611,0.472611,0.472611,0.472611,0.472611,0.472611,0.472611,0.472611,0.472611,0.472611,0.472611,0.472611,0.472611,0.472611,0.472611,0.472611,0.472611,0.472611,0.472611,0.472611,0.472611,0.472611,0.472611,0.472611,0.472611,0.472611,0.472611,0.472611,0.472611,0.472611,0.472611,0.472611,0.472611,0.472611,0.472611,0.472611,0.472611,0.472611,0.472611,0.472611,0.472611,0.472611,0.472611,0.472611,0.472611,0.472611,0.472611,0.472611
classic,0.01,16,accuracy,0.215682,0.215636,0.215636,0.215636,0.215636,0.215636,0.215636,0.215636,0.215636,0.215636,0.215636,0.215636,0.215636,0.215636,0.215636,0.215636,0.215636,0.215636,0.215636,0.215636,0.215636,0.215636,0.215636,0.215636,0.215636,0.215636,0.215636,0.215636,0.215636,0.215636,0.215636,0.215636,0.215636,0.215636,0.215636,0.215636,0.215636,0.215636,0.215636,0.215636,0.215636,0.215636,0.215636,0.215636,0.215636,0.215636,0.215636,0.215636,0.215636,0.215636
classic,0.01,16,val_loss,0.473678,0.473678,0.473678,0.473678,0.473678,0.473678,0.473678,0.473678,0.473678,0.473678,0.473678,0.473678,0.473678,0.473678,0.473678,0.473678,0.473678,0.473678,0.473678,0.473678,0.473678,0.473678,0.473678,0.473678,0.473678,0.473678,0.473678,0.473678,0.473678,0.473678,0.473678,0.473678,0.473678,0.473678,0.473678,0.473678,0.473678,0.473678,0.473678,0.473678,0.473678,0.473678,0.473678,0.473678,0.473678,0.473678,0.473678,0.473678,0.473678,0.473678
classic,0.01,16,val_accuracy,0.217166,0.217166,0.217166,0.217166,0.217166,0.217166,0.217166,0.217166,0.217166,0.217166,0.217166,0.217166,0.217166,0.217166,0.217166,0.217166,0.217166,0.217166,0.217166,0.217166,0.217166,0.217166,0.217166,0.217166,0.217166,0.217166,0.217166,0.217166,0.217166,0.217166,0.217166,0.217166,0.217166,0.217166,0.217166,0.217166,0.217166,0.217166,0.217166,0.217166,0.217166,0.217166,0.217166,0.217166,0.217166,0.217166,0.217166,0.217166,0.217166,0.217166
classic,0.001,16,loss,0.298007,0.277520,0.275668,0.274660,0.273968,0.273489,0.273073,0.272661,0.272281,0.271865,0.271607,0.271177,0.271065,0.270754,0.270438,0.270335,0.269957,0.269845,0.269467,0.269236,0.269025,0.268782,0.268665,0.268488,0.268395,0.268073,0.267779,0.267551,0.267527,0.267479,0.267225,0.266994,0.266931,0.266834,0.266607,0.266418,0.266464,0.266426,0.266047,0.265914,0.266135,0.266217,0.265843,0.265536,0.265510,0.265418,0.265292,0.265145,0.265230,0.265107
classic,0.001,16,accuracy,0.360624,0.430613,0.462790,0.475945,0.482783,0.486486,0.492896,0.496286,0.498936,0.505693,0.508203,0.513688,0.513630,0.516152,0.522770,0.524217,0.526843,0.527468,0.533276,0.536447,0.535775,0.540172,0.540542,0.544233,0.545402,0.547855,0.553536,0.557053,0.555283,0.556012,0.559171,0.562457,0.565025,0.566182,0.568566,0.573252,0.571308,0.569214,0.577024,0.577764,0.574432,0.569954,0.577683,0.584012,0.582890,0.584926,0.586465,0.589334,0.586083,0.588432
classic,0.001,16,val_loss,0.279713,0.277546,0.276196,0.276493,0.275369,0.275237,0.274891,0.274946,0.274390,0.274575,0.274302,0.274042,0.274101,0.273858,0.274482,0.273631,0.273979,0.273682,0.274691,0.274415,0.273688,0.273786,0.273983,0.273710,0.273900,0.273832,0.274002,0.274001,0.273754,0.274067,0.274120,0.273879,0.273844,0.273695,0.273640,0.273541,0.273524,0.273835,0.273694,0.274482,0.273683,0.273958,0.273982,0.273659,0.274048,0.274159,0.274086,0.274828,0.273963,0.274048
classic,0.001,16,val_accuracy,0.412736,0.442333,0.464623,0.459582,0.484785,0.475999,0.492555,0.482658,0.494358,0.490057,0.502867,0.489364,0.492000,0.495514,0.502913,0.509249,0.508370,0.508093,0.496578,0.500324,0.503746,0.499491,0.500925,0.500231,0.491167,0.504116,0.480161,0.507954,0.495098,0.503006,0.494173,0.492462,0.503052,0.499769,0.505549,0.507492,0.501572,0.501572,0.500000,0.483028,0.507908,0.500416,0.506428,0.506567,0.490520,0.487190,0.493988,0.493849,0.510590,0.494219
classic,0.0001,16,loss,0.332222,0.283332,0.279618,0.278306,0.277506,0.276954,0.276557,0.276321,0.275913,0.275759,0.275600,0.275401,0.275139,0.274948,0.274869,0.274798,0.274601,0.274572,0.274389,0.274280,0.274188,0.274106,0.273953,0.273859,0.273693,0.273696,0.273612,0.273424,0.273399,0.273282,0.273147,0.273202,0.273076,0.273024,0.272827,0.272791,0.272817,0.272657,0.272612,0.272568,0.272463,0.272314,0.272207,0.272117,0.272028,0.272038,0.271986,0.271831,0.271788,0.271776
classic,0.0001,16,accuracy,0.304415,0.368376,0.392570,0.410064,0.420952,0.428484,0.432881,0.430914,0.440482,0.441200,0.441489,0.444786,0.451983,0.454887,0.452781,0.454644,0.457734,0.454112,0.459145,0.461205,0.461644,0.461448,0.465058,0.465081,0.468228,0.466793,0.466423,0.471861,0.470264,0.471155,0.475216,0.469547,0.473643,0.472648,0.476466,0.476489,0.474568,0.475968,0.478283,0.475482,0.478803,0.481326,0.481881,0.484126,0.485202,0.482714,0.482448,0.486891,0.486590,0.484484
classic,0.0001,16,val_loss,0.287425,0.282249,0.279901,0.279140,0.278514,0.278373,0.277783,0.277763,0.277250,0.277002,0.276851,0.277040,0.276792,0.276803,0.276805,0.276457,0.276336,0.276462,0.276289,0.276347,0.276113,0.276044,0.276648,0.275977,0.276307,0.275952,0.275799,0.275789,0.275779,0.275832,0.276151,0.275614,0.276208,0.275674,0.275596,0.275828,0.275497,0.275611,0.275711,0.275814,0.275376,0.275387,0.275415,0.275377,0.275688,0.275491,0.275442,0.275613,0.275790,0.275283
classic,0.0001,16,val_accuracy,0.341056,0.398354,0.395440,0.418285,0.424343,0.434147,0.419210,0.447327,0.435627,0.451165,0.448714,0.435442,0.445616,0.459304,0.449316,0.455235,0.454079,0.444367,0.446911,0.463374,0.458703,0.458148,0.435026,0.453015,0.456900,0.463605,0.459906,0.459397,0.457593,0.462403,0.461709,0.469663,0.432714,0.460044,0.466287,0.469756,0.464114,0.458380,0.457455,0.465733,0.467027,0.461108,0.468507,0.462079,0.453385,0.440807,0.465733,0.466889,0.441500,0.472253
classic,1e-05,16,loss,0.463180,0.462207,0.462039,0.461828,0.451664,0.451538,0.451532,0.451520,0.451516,0.451511,0.451510,0.451508,0.451507,0.451501,0.451500,0.451506,0.451505,0.451496,0.451494,0.451503,0.451500,0.451494,0.451492,0.451497,0.451507,0.451483,0.450840,0.450189,0.450176,0.450150,0.450144,0.450139,0.450147,0.450125,0.450128,0.450123,0.450117,0.450124,0.450115,0.450111,0.450109,0.450108,0.450104,0.450105,0.450110,0.450104,0.450101,0.450103,0.450101,0.450096
classic,1e-05,16,accuracy,0.357384,0.357164,0.357384,0.357338,0.371546,0.372217,0.372194,0.372402,0.372460,0.372495,0.372426,0.372356,0.372530,0.372634,0.372622,0.372715,0.372495,0.372680,0.372773,0.372518,0.372599,0.372761,0.372669,0.372669,0.372402,0.372854,0.371951,0.371963,0.372067,0.372379,0.372321,0.372449,0.372229,0.372726,0.372576,0.372692,0.372750,0.372472,0.372738,0.372669,0.372912,0.372912,0.372703,0.372807,0.372657,0.372981,0.372784,0.372900,0.372935,0.372981
classic,1e-05,16,val_loss,0.463729,0.463409,0.463383,0.456178,0.452750,0.452750,0.452734,0.452731,0.452731,0.452741,0.452739,0.452721,0.452734,0.452721,0.452717,0.452724,0.452714,0.452727,0.452719,0.452711,0.452710,0.452719,0.452717,0.452710,0.452705,0.452709,0.451429,0.451494,0.451370,0.451348,0.451342,0.451366,0.451336,0.451337,0.451345,0.451339,0.451340,0.451333,0.451325,0.451323,0.451341,0.451323,0.451319,0.451328,0.451326,0.451325,0.451338,0.451319,0.451323,0.451413
classic,1e-05,16,val_accuracy,0.349149,0.349565,0.349473,0.359138,0.364179,0.364317,0.364179,0.364179,0.364271,0.364225,0.364225,0.364317,0.364132,0.364456,0.364595,0.364595,0.364317,0.364225,0.364641,0.364595,0.364780,0.364225,0.364317,0.364410,0.364641,0.364549,0.364225,0.364364,0.363994,0.364410,0.364502,0.364364,0.364549,0.364456,0.364641,0.364410,0.364641,0.364595,0.364641,0.364595,0.364364,0.364780,0.364641,0.364687,0.364734,0.364919,0.364734,0.364826,0.364780,0.362884
classic,1e-06,16,loss,0.458883,0.429949,0.387654,0.367962,0.359326,0.356340,0.354690,0.353587,0.352785,0.352128,0.351513,0.350824,0.349922,0.348768,0.347693,0.346881,0.346252,0.345741,0.345311,0.344936,0.344618,0.344348,0.344102,0.343891,0.343680,0.343462,0.343225,0.342944,0.342593,0.342099,0.341277,0.339530,0.324134,0.305987,0.304534,0.303652,0.303031,0.302573,0.302202,0.301896,0.301637,0.301416,0.301218,0.301046,0.300886,0.300734,0.300601,0.300472,0.300356,0.300243
classic,1e-06,16,accuracy,0.341683,0.338258,0.308592,0.314389,0.328389,0.330437,0.332439,0.333642,0.334810,0.336002,0.337159,0.337772,0.338999,0.339045,0.338675,0.339115,0.339092,0.340260,0.341649,0.342354,0.344101,0.344761,0.346242,0.345872,0.346520,0.348024,0.348822,0.348787,0.349725,0.350569,0.350477,0.351148,0.358541,0.352490,0.359189,0.362475,0.365021,0.366166,0.368353,0.370597,0.372564,0.374821,0.376117,0.377088,0.378974,0.380074,0.381601,0.383336,0.385107,0.387536
classic,1e-06,16,val_loss,0.453741,0.403236,0.377042,0.363243,0.358765,0.356637,0.355293,0.354331,0.353602,0.352954,0.352322,0.351540,0.350481,0.349279,0.348324,0.347612,0.347054,0.346586,0.346189,0.345847,0.345566,0.345308,0.345097,0.344890,0.344674,0.344458,0.344201,0.343898,0.343496,0.342883,0.341773,0.338805,0.307514,0.305426,0.304311,0.303590,0.303081,0.302690,0.302355,0.302089,0.301859,0.301657,0.301485,0.301340,0.301181,0.301045,0.300920,0.300798,0.300692,0.300586
classic,1e-06,16,val_accuracy,0.332963,0.327969,0.307945,0.328478,0.331206,0.337773,0.335969,0.337079,0.335276,0.339345,0.337403,0.338883,0.338235,0.342860,0.340594,0.341380,0.339160,0.342490,0.341334,0.343276,0.340085,0.344432,0.342212,0.349334,0.347022,0.349519,0.345681,0.348594,0.349473,0.349195,0.348039,0.349195,0.345311,0.357196,0.361219,0.366583,0.367185,0.368526,0.369543,0.372179,0.374723,0.374491,0.376665,0.377358,0.378052,0.379809,0.382029,0.382168,0.386053,0.385636
classic,1e-07,16,loss,0.462668,0.462599,0.462557,0.462533,0.462520,0.462513,0.462508,0.462506,0.462504,0.462502,0.462500,0.462499,0.462497,0.462496,0.462494,0.462492,0.462490,0.462488,0.462484,0.462479,0.462472,0.462458,0.462430,0.462353,0.462099,0.461521,0.460886,0.460597,0.460535,0.460524,0.460521,0.460520,0.460519,0.460518,0.460517,0.460516,0.460515,0.460515,0.460514,0.460513,0.460512,0.460510,0.460509,0.460508,0.460507,0.460506,0.460504,0.460503,0.460501,0.460500
classic,1e-07,16,accuracy,0.356227,0.356702,0.357083,0.357211,0.357396,0.357500,0.357546,0.357569,0.357569,0.357592,0.357604,0.357604,0.357627,0.357639,0.357639,0.357650,0.357662,0.357697,0.357697,0.357697,0.357708,0.357685,0.357697,0.357720,0.357685,0.357627,0.357604,0.357616,0.357627,0.357673,0.357650,0.357708,0.357708,0.357708,0.357697,0.357720,0.357720,0.357720,0.357720,0.357708,0.357720,0.357720,0.357708,0.357708,0.357720,0.357731,0.357720,0.357731,0.357766,0.357731
classic,1e-07,16,val_loss,0.464011,0.463955,0.463921,0.463902,0.463892,0.463886,0.463883,0.463880,0.463878,0.463876,0.463875,0.463873,0.463872,0.463871,0.463869,0.463867,0.463865,0.463862,0.463858,0.463853,0.463843,0.463826,0.463784,0.463659,0.463257,0.462612,0.462163,0.462045,0.462028,0.462025,0.462024,0.462023,0.462023,0.462022,0.462021,0.462020,0.462019,0.462018,0.462018,0.462017,0.462015,0.462015,0.462014,0.462012,0.462011,0.462010,0.462009,0.462007,0.462005,0.462004
classic,1e-07,16,val_accuracy,0.348409,0.348779,0.349103,0.349195,0.349288,0.349380,0.349380,0.349427,0.349427,0.349519,0.349519,0.349519,0.349519,0.349565,0.349565,0.349565,0.349565,0.349612,0.349612,0.349612,0.349612,0.349565,0.349565,0.349565,0.349565,0.349519,0.349380,0.349427,0.349519,0.349519,0.349473,0.349519,0.349519,0.349519,0.349473,0.349473,0.349473,0.349473,0.349473,0.349473,0.349473,0.349473,0.349473,0.349473,0.349473,0.349473,0.349473,0.349519,0.349519,0.349519
classic,1e-08,16,loss,0.487174,0.487173,0.487173,0.487172,0.487172,0.487171,0.487171,0.487170,0.487169,0.487169,0.487168,0.487167,0.487166,0.487166,0.487165,0.487164,0.487163,0.487162,0.487161,0.487160,0.487159,0.487157,0.487156,0.487155,0.487154,0.487153,0.487151,0.487150,0.487148,0.487147,0.487145,0.487144,0.487142,0.487140,0.487138,0.487137,0.487135,0.487133,0.487131,0.487128,0.487126,0.487124,0.487122,0.487119,0.487117,0.487114,0.487111,0.487109,0.487106,0.487103
classic,1e-08,16,accuracy,0.140903,0.140903,0.140903,0.140903,0.140903,0.140903,0.140903,0.140903,0.140903,0.140903,0.140903,0.140903,0.140903,0.140903,0.140903,0.140903,0.140903,0.140903,0.140903,0.140903,0.140903,0.140903,0.140903,0.140903,0.140903,0.140903,0.140903,0.140903,0.140903,0.140903,0.140903,0.140903,0.140903,0.140903,0.140903,0.140903,0.140903,0.140903,0.140903,0.140903,0.140903,0.140903,0.140903,0.140903,0.140903,0.140903,0.140903,0.140903,0.140903,0.140903
classic,1e-08,16,val_loss,0.490361,0.490361,0.490360,0.490360,0.490359,0.490359,0.490358,0.490357,0.490357,0.490356,0.490355,0.490355,0.490354,0.490353,0.490352,0.490351,0.490350,0.490349,0.490348,0.490347,0.490346,0.490345,0.490343,0.490342,0.490341,0.490340,0.490338,0.490337,0.490335,0.490334,0.490332,0.490331,0.490329,0.490327,0.490325,0.490323,0.490321,0.490319,0.490317,0.490315,0.490313,0.490310,0.490308,0.490306,0.490303,0.490300,0.490298,0.490295,0.490292,0.490289
classic,1e-08,16,val_accuracy,0.139613,0.139613,0.139613,0.139613,0.139613,0.139613,0.139613,0.139613,0.139613,0.139613,0.139613,0.139613,0.139613,0.139613,0.139613,0.139613,0.139613,0.139613,0.139613,0.139613,0.139613,0.139613,0.139613,0.139613,0.139613,0.139613,0.139613,0.139613,0.139613,0.139613,0.139613,0.139613,0.139613,0.139613,0.139613,0.139613,0.139613,0.139613,0.139613,0.139613,0.139613,0.139613,0.139613,0.139613,0.139613,0.139613,0.139613,0.139613,0.139613,0.139613
classic,1e-09,16,loss,0.464228,0.464227,0.464227,0.464226,0.464226,0.464225,0.464225,0.464225,0.464224,0.464224,0.464223,0.464223,0.464222,0.464222,0.464221,0.464221,0.464220,0.464220,0.464219,0.464219,0.464218,0.464218,0.464218,0.464217,0.464217,0.464216,0.464216,0.464215,0.464215,0.464214,0.464214,0.464214,0.464213,0.464213,0.464212,0.464212,0.464211,0.464211,0.464210,0.464210,0.464210,0.464209,0.464209,0.464208,0.464208,0.464207,0.464207,0.464206,0.464206,0.464205
classic,1e-09,16,accuracy,0.296304,0.296304,0.296304,0.296304,0.296304,0.296304,0.296304,0.296304,0.296304,0.296304,0.296304,0.296304,0.296304,0.296304,0.296304,0.296304,0.296304,0.296304,0.296304,0.296304,0.296304,0.296304,0.296304,0.296304,0.296304,0.296304,0.296304,0.296304,0.296304,0.296304,0.296304,0.296304,0.296304,0.296304,0.296304,0.296304,0.296304,0.296304,0.296304,0.296304,0.296304,0.296304,0.296304,0.296304,0.296304,0.296304,0.296304,0.296304,0.296304,0.296304
classic,1e-09,16,val_loss,0.463176,0.463176,0.463175,0.463175,0.463174,0.463174,0.463173,0.463173,0.463172,0.463172,0.463172,0.463171,0.463171,0.463170,0.463170,0.463169,0.463169,0.463168,0.463168,0.463167,0.463167,0.463166,0.463166,0.463165,0.463165,0.463165,0.463164,0.463164,0.463163,0.463163,0.463162,0.463162,0.463161,0.463161,0.463160,0.463160,0.463160,0.463159,0.463159,0.463158,0.463158,0.463157,0.463157,0.463156,0.463156,0.463155,0.463155,0.463155,0.463154,0.463154
classic,1e-09,16,val_accuracy,0.303644,0.303644,0.303644,0.303644,0.303644,0.303644,0.303644,0.303644,0.303644,0.303644,0.303644,0.303644,0.303644,0.303644,0.303644,0.303644,0.303644,0.303644,0.303644,0.303644,0.303644,0.303644,0.303644,0.303644,0.303644,0.303644,0.303644,0.303644,0.303644,0.303644,0.303644,0.303644,0.303644,0.303644,0.303644,0.303644,0.303644,0.303644,0.303644,0.303644,0.303644,0.303644,0.303644,0.303644,0.303644,0.303644,0.303644,0.303644,0.303644,0.303644
original,0.1,16,loss,0.486215,0.487192,0.487192,0.487192,0.487192,0.487192,0.487192,0.487192,0.487192,0.487192,0.487192,0.487192,0.487192,0.487192,0.487192,0.487192,0.487192,0.487192,0.487192,0.487192,0.487192,0.487192,0.487192,0.487192,0.487192,0.487192,0.487192,0.487192,0.487192,0.487192,0.487192,0.487192,0.487192,0.487192,0.487192,0.487192,0.487192,0.487192,0.487192,0.487192,0.487192,0.487192,0.487192,0.487192,0.487192,0.487192,0.487192,0.487192,0.487192,0.487192
original,0.1,16,accuracy,0.141829,0.140903,0.140903,0.140903,0.140903,0.140903,0.140903,0.140903,0.140903,0.140903,0.140903,0.140903,0.140903,0.140903,0.140903,0.140903,0.140903,0.140903,0.140903,0.140903,0.140903,0.140903,0.140903,0.140903,0.140903,0.140903,0.140903,0.140903,0.140903,0.140903,0.140903,0.140903,0.140903,0.140903,0.140903,0.140903,0.140903,0.140903,0.140903,0.140903,0.140903,0.140903,0.140903,0.140903,0.140903,0.140903,0.140903,0.140903,0.140903,0.140903
original,0.1,16,val_loss,0.490380,0.490380,0.490380,0.490380,0.490380,0.490380,0.490380,0.490380,0.490380,0.490380,0.490380,0.490380,0.490380,0.490380,0.490380,0.490380,0.490380,0.490380,0.490380,0.490380,0.490380,0.490380,0.490380,0.490380,0.490380,0.490380,0.490380,0.490380,0.490380,0.490380,0.490380,0.490380,0.490380,0.490380,0.490380,0.490380,0.490380,0.490380,0.490380,0.490380,0.490380,0.490380,0.490380,0.490380,0.490380,0.490380,0.490380,0.490380,0.490380,0.490380
original,0.1,16,val_accuracy,0.139613,0.139613,0.139613,0.139613,0.139613,0.139613,0.139613,0.139613,0.139613,0.139613,0.139613,0.139613,0.139613,0.139613,0.139613,0.139613,0.139613,0.139613,0.139613,0.139613,0.139613,0.139613,0.139613,0.139613,0.139613,0.139613,0.139613,0.139613,0.139613,0.139613,0.139613,0.139613,0.139613,0.139613,0.139613,0.139613,0.139613,0.139613,0.139613,0.139613,0.139613,0.139613,0.139613,0.139613,0.139613,0.139613,0.139613,0.139613,0.139613,0.139613
original,0.01,16,loss,0.287278,0.279145,0.278936,0.278838,0.278918,0.278822,0.278812,0.278699,0.278610,0.278551,0.278768,0.278717,0.278690,0.278660,0.279162,0.278869,0.278783,0.278699,0.278748,0.278701,0.278728,0.278725,0.278689,0.278756,0.278661,0.278630,0.278832,0.278952,0.279010,0.279013,0.278810,0.278831,0.278806,0.278729,0.278745,0.278879,0.278791,0.278778,0.278693,0.278846,0.279192,0.278918,0.278814,0.278909,0.278686,0.278730,0.278644,0.278603,0.278657,0.278750
original,0.01,16,accuracy,0.377389,0.393692,0.395103,0.396087,0.396041,0.396527,0.396515,0.398308,0.397626,0.397684,0.397094,0.396862,0.396735,0.397475,0.394999,0.394074,0.396816,0.396920,0.396376,0.396446,0.396469,0.396145,0.397082,0.396388,0.395682,0.396492,0.395890,0.395763,0.393449,0.393912,0.395636,0.395427,0.395775,0.397244,0.396098,0.396110,0.395717,0.396376,0.396955,0.396353,0.395786,0.395925,0.395809,0.394664,0.397313,0.395740,0.397232,0.397730,0.396874,0.395636
original,0.01,16,val_loss,0.285243,0.281357,0.279987,0.279960,0.279951,0.280523,0.279821,0.279765,0.279760,0.279779,0.279778,0.279874,0.280057,0.280057,0.289030,0.279967,0.280246,0.279907,0.279893,0.279967,0.279968,0.279927,0.279777,0.280042,0.279966,0.280042,0.280061,0.297444,0.288041,0.280064,0.280116,0.279941,0.280010,0.280115,0.288007,0.280488,0.279952,0.280194,0.279841,0.282255,0.279963,0.279854,0.279784,0.279802,0.280156,0.279795,0.279752,0.279822,0.279957,0.280825
original,0.01,16,val_accuracy,0.370930,0.385498,0.387717,0.386145,0.385544,0.382908,0.387162,0.388365,0.388966,0.388411,0.388689,0.386330,0.387255,0.387394,0.350583,0.386839,0.384434,0.387717,0.388134,0.384943,0.386376,0.386422,0.388134,0.386006,0.387024,0.384388,0.388457,0.349242,0.363670,0.386469,0.384249,0.383925,0.385636,0.387486,0.366676,0.384110,0.386053,0.385683,0.387671,0.373844,0.384943,0.388180,0.387162,0.387209,0.387116,0.388550,0.388689,0.389382,0.388781,0.384156
original,0.001,16,loss,0.296861,0.280459,0.279280,0.278833,0.278609,0.278394,0.278113,0.277910,0.277662,0.277518,0.277512,0.277366,0.277167,0.276949,0.276999,0.276657,0.276332,0.275994,0.275666,0.275472,0.275412,0.275157,0.274797,0.274518,0.274363,0.274081,0.274011,0.273829,0.273658,0.273471,0.273195,0.273011,0.272887,0.272620,0.272506,0.272367,0.272172,0.272001,0.271964,0.271669,0.271415,0.271388,0.271203,0.271077,0.270991,0.270834,0.270767,0.270563,0.270479,0.270278
original,0.001,16,accuracy,0.288425,0.384470,0.396422,0.398841,0.399280,0.401618,0.403804,0.406743,0.408907,0.410619,0.411232,0.410770,0.411198,0.410943,0.409150,0.409520,0.407761,0.408849,0.408074,0.406824,0.394768,0.397094,0.400970,0.405563,0.401108,0.407542,0.409046,0.411209,0.415409,0.419933,0.422861,0.429409,0.429120,0.435831,0.440378,0.440031,0.449993,0.451891,0.453129,0.454471,0.461297,0.465000,0.469350,0.471954,0.474765,0.478514,0.479914,0.484600,0.487076,0.489101
original,0.001,16,val_loss,0.289167,0.288818,0.287235,0.281703,0.280199,0.280063,0.279472,0.279021,0.278888,0.278869,0.278900,0.278965,0.278828,0.278651,0.278412,0.278169,0.277905,0.277776,0.277353,0.277582,0.277508,0.277176,0.277078,0.277165,0.277060,0.276938,0.276833,0.277502,0.276751,0.276803,0.276662,0.276653,0.276882,0.276625,0.276742,0.276592,0.276483,0.276629,0.276410,0.276334,0.276322,0.276620,0.276238,0.276239,0.276285,0.276094,0.276266,0.276277,0.276394,0.276302
original,0.001,16,val_accuracy,0.278024,0.355253,0.375092,0.384665,0.388827,0.389058,0.393498,0.397984,0.401730,0.403209,0.401545,0.399232,0.399464,0.400758,0.399140,0.399556,0.397013,0.399325,0.399417,0.386700,0.394515,0.391324,0.391186,0.392018,0.393868,0.391047,0.392481,0.400065,0.399140,0.409221,0.413430,0.405568,0.406030,0.413198,0.416528,0.415464,0.424482,0.417083,0.427812,0.425546,0.424667,0.424575,0.429060,0.433407,0.431696,0.437986,0.438078,0.439049,0.439512,0.446818
original,0.0001,16,loss,0.347578,0.304161,0.288106,0.282677,0.280986,0.280315,0.279902,0.279604,0.279364,0.279175,0.279029,0.278825,0.278767,0.278667,0.278530,0.278438,0.278338,0.278199,0.278108,0.278034,0.277936,0.277815,0.277741,0.277685,0.277593,0.277489,0.277384,0.277342,0.277228,0.277167,0.277104,0.277023,0.276853,0.276826,0.276749,0.276705,0.276600,0.276488,0.276400,0.276349,0.276197,0.276031,0.275931,0.275854,0.275724,0.275642,0.275531,0.275439,0.275340,0.275203
original,0.0001,16,accuracy,0.236150,0.274818,0.292949,0.305896,0.326144,0.346288,0.360913,0.373571,0.381335,0.386588,0.391575,0.395740,0.396411,0.399084,0.401849,0.402265,0.405170,0.406801,0.408375,0.409115,0.409196,0.410029,0.411765,0.412054,0.412598,0.416624,0.415479,0.417006,0.418360,0.419447,0.419818,0.421322,0.422953,0.424666,0.425557,0.425661,0.426077,0.429560,0.430393,0.430451,0.429490,0.433170,0.432105,0.433679,0.435345,0.435738,0.437081,0.437532,0.438018,0.438029
original,0.0001,16,val_loss,0.292376,0.288647,0.286362,0.283011,0.281268,0.281074,0.280845,0.280661,0.280448,0.280270,0.280119,0.280007,0.279903,0.279790,0.279727,0.279667,0.279540,0.279501,0.279429,0.279385,0.279325,0.279256,0.279234,0.279134,0.279102,0.279022,0.278970,0.278924,0.278843,0.278764,0.278727,0.278698,0.278632,0.278585,0.278539,0.278543,0.278448,0.278389,0.278307,0.278267,0.278159,0.278235,0.278086,0.278026,0.278050,0.278014,0.278006,0.277909,0.277866,0.277775
original,0.0001,16,val_accuracy,0.174020,0.263087,0.329587,0.348594,0.350860,0.360942,0.365705,0.375740,0.381104,0.384943,0.386145,0.388504,0.392897,0.392342,0.393729,0.392342,0.395209,0.396966,0.395070,0.398770,0.398724,0.403071,0.400943,0.401868,0.403348,0.403672,0.404782,0.405707,0.405475,0.405475,0.406354,0.407279,0.411765,0.413753,0.414169,0.415464,0.413661,0.417730,0.416667,0.417592,0.419580,0.416852,0.419395,0.422817,0.420135,0.423465,0.423095,0.424713,0.426609,0.423002
original,1e-05,16,loss,0.379568,0.362588,0.347949,0.336976,0.328091,0.321242,0.315250,0.310017,0.306064,0.302491,0.299703,0.297356,0.295474,0.293783,0.292368,0.291435,0.290806,0.290298,0.289923,0.289580,0.289232,0.289005,0.288849,0.288640,0.288426,0.288243,0.288160,0.287972,0.287723,0.287549,0.287340,0.286961,0.286371,0.285633,0.284803,0.283984,0.283310,0.282713,0.282263,0.281945,0.281672,0.281449,0.281228,0.281118,0.280952,0.280865,0.280779,0.280705,0.280638,0.280587
original,1e-05,16,accuracy,0.211378,0.226975,0.240859,0.246876,0.253379,0.255600,0.254316,0.256317,0.257081,0.258377,0.256341,0.255878,0.252904,0.252360,0.248993,0.246459,0.244539,0.238973,0.238904,0.238268,0.236486,0.233026,0.232818,0.229764,0.230897,0.230597,0.229197,0.316020,0.343847,0.348463,0.350592,0.353335,0.361249,0.365831,0.371107,0.373467,0.376093,0.377875,0.380027,0.381902,0.383417,0.384135,0.385211,0.385373,0.386090,0.386611,0.387687,0.386356,0.387941,0.387779
original,1e-05,16,val_loss,0.292964,0.296751,0.299959,0.303668,0.303607,0.302240,0.301162,0.301816,0.302356,0.301359,0.299678,0.297903,0.296132,0.294346,0.293176,0.292383,0.291788,0.291308,0.290927,0.290627,0.290351,0.290127,0.289892,0.289708,0.289525,0.289359,0.289181,0.289013,0.288863,0.288660,0.288293,0.287770,0.287109,0.286261,0.285419,0.284620,0.283977,0.283458,0.283085,0.282802,0.282549,0.282341,0.282184,0.282058,0.281937,0.281839,0.281754,0.281665,0.281595,0.281545
original,1e-05,16,val_accuracy,0.255549,0.244127,0.263642,0.262394,0.262532,0.261376,0.266186,0.265261,0.259619,0.259156,0.259018,0.257307,0.255041,0.250786,0.249630,0.248289,0.245052,0.243664,0.240474,0.238809,0.236265,0.235387,0.234092,0.233537,0.233398,0.231826,0.232288,0.343646,0.344247,0.346513,0.349195,0.353542,0.357843,0.364132,0.367231,0.368156,0.371624,0.372225,0.372595,0.374538,0.374954,0.376017,0.376989,0.376526,0.377174,0.377127,0.378330,0.377867,0.378515,0.379393
original,1e-06,16,loss,0.404599,0.403045,0.401039,0.398931,0.397576,0.395764,0.394003,0.392217,0.390751,0.389248,0.387554,0.386407,0.384631,0.383084,0.381599,0.380344,0.378424,0.377304,0.375825,0.374708,0.373021,0.372014,0.370441,0.369050,0.367741,0.366529,0.365366,0.364098,0.362839,0.361666,0.360825,0.359127,0.358477,0.357067,0.356145,0.354775,0.354267,0.352894,0.351568,0.351028,0.350049,0.348748,0.348039,0.347119,0.346228,0.345116,0.344699,0.343278,0.342699,0.341776
original,1e-06,16,accuracy,0.350523,0.348799,0.347700,0.346878,0.344009,0.343164,0.343014,0.342424,0.340110,0.336766,0.338525,0.337680,0.332739,0.334926,0.335539,0.333410,0.330900,0.330529,0.328771,0.327093,0.328053,0.324629,0.323691,0.324652,0.323286,0.321481,0.319283,0.317594,0.318404,0.316541,0.318080,0.317490,0.316587,0.315893,0.316784,0.313637,0.312225,0.314076,0.312549,0.310825,0.310848,0.311566,0.310571,0.310085,0.310443,0.308673,0.308546,0.309148,0.307747,0.308442
original,1e-06,16,val_loss,0.317337,0.341567,0.358001,0.367749,0.373371,0.376401,0.380171,0.384466,0.386338,0.386866,0.386512,0.385654,0.384415,0.383306,0.381968,0.380419,0.378938,0.377605,0.376111,0.374623,0.373282,0.371964,0.370634,0.369429,0.368243,0.366890,0.365860,0.364792,0.363490,0.362337,0.361428,0.360456,0.359265,0.358159,0.356975,0.355723,0.354698,0.353711,0.352831,0.351878,0.350935,0.349992,0.348914,0.348006,0.347272,0.346330,0.345481,0.344587,0.343871,0.342918
original,1e-06,16,val_accuracy,0.312847,0.308592,0.301841,0.291435,0.299991,0.306835,0.315945,0.324362,0.326952,0.323668,0.322512,0.321726,0.321448,0.321865,0.320986,0.319737,0.318072,0.317055,0.315483,0.314280,0.314789,0.313864,0.312199,0.311228,0.310673,0.309286,0.308777,0.308084,0.306650,0.307297,0.304754,0.304245,0.304893,0.305586,0.305494,0.306604,0.304014,0.301933,0.303598,0.303737,0.302858,0.301702,0.301748,0.300684,0.301147,0.300037,0.299667,0.299020,0.299343,0.299482
original,1e-07,16,loss,0.422106,0.421776,0.421754,0.421656,0.421135,0.420902,0.420680,0.420654,0.420518,0.420205,0.419953,0.419623,0.419497,0.419618,0.419081,0.418858,0.418881,0.418600,0.418339,0.418305,0.417962,0.417354,0.417219,0.417026,0.416911,0.416918,0.416543,0.416379,0.416129,0.415745,0.415708,0.415672,0.415162,0.414972,0.414769,0.414570,0.414157,0.414058,0.413691,0.413330,0.413213,0.413187,0.412522,0.412842,0.412449,0.412378,0.412053,0.411503,0.411562,0.411113
original,1e-07,16,accuracy,0.345339,0.345189,0.343801,0.344807,0.343014,0.344194,0.344344,0.344298,0.344830,0.343442,0.343743,0.344101,0.344055,0.342725,0.343882,0.342968,0.343870,0.343060,0.343164,0.342713,0.343558,0.343292,0.342482,0.343292,0.341116,0.342389,0.342331,0.342273,0.341579,0.342505,0.341672,0.341070,0.343465,0.341591,0.342077,0.341278,0.341903,0.340943,0.340630,0.341730,0.339566,0.341510,0.340839,0.341487,0.341672,0.340017,0.341070,0.339959,0.340920,0.340387
original,1e-07,16,val_loss,0.392688,0.430011,0.435436,0.435503,0.433572,0.431230,0.427192,0.424720,0.422977,0.421989,0.421433,0.421212,0.420886,0.420717,0.420504,0.420199,0.420048,0.419828,0.419554,0.419439,0.419147,0.418861,0.418633,0.418334,0.418132,0.417998,0.417636,0.417428,0.417274,0.416955,0.416652,0.416580,0.416332,0.416136,0.415915,0.415712,0.415369,0.415134,0.414779,0.414643,0.414386,0.414070,0.413893,0.413740,0.413530,0.413258,0.413050,0.412825,0.412587,0.412266
original,1e-07,16,val_accuracy,0.345265,0.346421,0.346606,0.345819,0.346606,0.343415,0.341657,0.343137,0.340825,0.338698,0.338050,0.337958,0.337912,0.337912,0.337495,0.337079,0.336894,0.337218,0.337125,0.337449,0.337495,0.337357,0.337449,0.336848,0.336940,0.337218,0.336663,0.336617,0.336108,0.336570,0.335923,0.336062,0.336570,0.336570,0.336201,0.335646,0.335831,0.336432,0.335969,0.335507,0.335044,0.335784,0.335553,0.335692,0.335646,0.335322,0.336108,0.335553,0.335368,0.335923
original,1e-08,16,loss,0.398931,0.399304,0.399295,0.399564,0.399431,0.399103,0.399250,0.399331,0.399241,0.399373,0.399237,0.399289,0.399656,0.399164,0.399045,0.399251,0.399329,0.398759,0.399214,0.399007,0.399161,0.399288,0.398705,0.399013,0.398745,0.398894,0.399040,0.399422,0.398928,0.398875,0.398685,0.398541,0.398852,0.398505,0.399076,0.398763,0.398694,0.398822,0.398621,0.398815,0.399052,0.398702,0.398632,0.398714,0.398557,0.398503,0.399044,0.398755,0.398901,0.398664
original,1e-08,16,accuracy,0.296663,0.295090,0.294881,0.295009,0.296501,0.297496,0.296617,0.294569,0.297519,0.293921,0.296663,0.295078,0.295356,0.294615,0.294361,0.294812,0.294893,0.294858,0.294337,0.295043,0.296073,0.295911,0.297056,0.295055,0.297033,0.297380,0.295749,0.293366,0.296397,0.295980,0.296617,0.297438,0.295842,0.295147,0.296200,0.296247,0.296744,0.297751,0.295969,0.295518,0.293366,0.296108,0.295969,0.295980,0.296640,0.295136,0.294766,0.295899,0.296640,0.295680
original,1e-08,16,val_loss,0.332849,0.348380,0.360749,0.374373,0.382931,0.386783,0.390917,0.393767,0.396934,0.399055,0.400154,0.400476,0.400742,0.400823,0.400861,0.400781,0.400833,0.400895,0.400898,0.400908,0.400773,0.400875,0.400662,0.400716,0.400806,0.400792,0.400819,0.400851,0.400791,0.400698,0.400670,0.400648,0.400634,0.400701,0.400629,0.400560,0.400510,0.400568,0.400498,0.400493,0.400491,0.400491,0.400544,0.400637,0.400491,0.400387,0.400442,0.400477,0.400423,0.400372
original,1e-08,16,val_accuracy,0.266648,0.241167,0.252775,0.264012,0.270903,0.283851,0.284730,0.287921,0.290927,0.293331,0.293748,0.294719,0.296522,0.296014,0.295551,0.296384,0.296800,0.295413,0.295829,0.295644,0.294626,0.295135,0.296892,0.296430,0.295366,0.296384,0.295829,0.294950,0.295043,0.295921,0.295597,0.296430,0.296384,0.295921,0.295921,0.295967,0.296060,0.296846,0.296199,0.296846,0.295736,0.296846,0.295921,0.296939,0.296014,0.295413,0.295967,0.296476,0.296846,0.296661
original,1e-09,16,loss,0.413424,0.413269,0.413098,0.413276,0.413180,0.413153,0.412943,0.413386,0.413178,0.413490,0.413283,0.413450,0.413493,0.413352,0.413297,0.413315,0.413378,0.413407,0.413400,0.413016,0.413187,0.413002,0.413277,0.413321,0.413247,0.412970,0.413220,0.413250,0.413406,0.413226,0.413142,0.413172,0.413442,0.413176,0.413117,0.413492,0.413512,0.413441,0.413133,0.413178,0.412965,0.412990,0.413318,0.413283,0.413471,0.413243,0.413001,0.413413,0.413391,0.413550
original,1e-09,16,accuracy,0.228028,0.228664,0.228734,0.229983,0.228768,0.228502,0.228930,0.228560,0.227623,0.228190,0.228410,0.228954,0.227739,0.226882,0.228907,0.228040,0.227808,0.228919,0.229856,0.229810,0.227727,0.230018,0.228664,0.229683,0.228595,0.225841,0.227530,0.227565,0.228086,0.227056,0.228121,0.227878,0.228248,0.227935,0.227611,0.227762,0.228329,0.228225,0.228803,0.228491,0.228282,0.228525,0.227820,0.228734,0.228525,0.228444,0.226987,0.227947,0.228387,0.227878
original,1e-09,16,val_loss,0.305078,0.319738,0.333880,0.349948,0.366898,0.379645,0.391978,0.401311,0.408343,0.412017,0.413901,0.414789,0.415335,0.415422,0.415690,0.415636,0.415846,0.415729,0.415681,0.415674,0.415717,0.415730,0.415699,0.415647,0.415671,0.415509,0.415568,0.415621,0.415510,0.415603,0.415560,0.415479,0.415504,0.415506,0.415513,0.415596,0.415432,0.415465,0.415573,0.415600,0.415629,0.415555,0.415518,0.415568,0.415771,0.415837,0.415622,0.415644,0.415607,0.415527
original,1e-09,16,val_accuracy,0.214068,0.240381,0.241075,0.243711,0.245884,0.239364,0.236635,0.231271,0.229930,0.228959,0.227617,0.227756,0.227109,0.226831,0.226693,0.226785,0.226970,0.225629,0.227016,0.227248,0.226924,0.225398,0.225629,0.226091,0.226138,0.225860,0.225860,0.225953,0.226785,0.226415,0.226369,0.226508,0.226646,0.226878,0.226508,0.226184,0.226045,0.225814,0.226554,0.227063,0.227432,0.227340,0.225860,0.226184,0.225768,0.225675,0.226554,0.226924,0.226461,0.226323
pre_act,0.1,16,loss,0.486052,0.487192,0.487192,0.487192,0.487192,0.487192,0.487192,0.487192,0.487192,0.487192,0.487192,0.487192,0.487192,0.487192,0.487192,0.487192,0.487192,0.487192,0.487192,0.487192,0.487192,0.487192,0.487192,0.487192,0.487192,0.487192,0.487192,0.487192,0.487192,0.487192,0.487192,0.487192,0.487192,0.487192,0.487192,0.487192,0.487192,0.487192,0.487192,0.487192,0.487192,0.487192,0.487192,0.487192,0.487192,0.487192,0.487192,0.487192,0.487192,0.487192
pre_act,0.1,16,accuracy,0.141806,0.140903,0.140903,0.140903,0.140903,0.140903,0.140903,0.140903,0.140903,0.140903,0.140903,0.140903,0.140903,0.140903,0.140903,0.140903,0.140903,0.140903,0.140903,0.140903,0.140903,0.140903,0.140903,0.140903,0.140903,0.140903,0.140903,0.140903,0.140903,0.140903,0.140903,0.140903,0.140903,0.140903,0.140903,0.140903,0.140903,0.140903,0.140903,0.140903,0.140903,0.140903,0.140903,0.140903,0.140903,0.140903,0.140903,0.140903,0.140903,0.140903
pre_act,0.1,16,val_loss,0.490380,0.490380,0.490380,0.490380,0.490380,0.490380,0.490380,0.490380,0.490380,0.490380,0.490380,0.490380,0.490380,0.490380,0.490380,0.490380,0.490380,0.490380,0.490380,0.490380,0.490380,0.490380,0.490380,0.490380,0.490380,0.490380,0.490380,0.490380,0.490380,0.490380,0.490380,0.490380,0.490380,0.490380,0.490380,0.490380,0.490380,0.490380,0.490380,0.490380,0.490380,0.490380,0.490380,0.490380,0.490380,0.490380,0.490380,0.490380,0.490380,0.490380
pre_act,0.1,16,val_accuracy,0.139613,0.139613,0.139613,0.139613,0.139613,0.139613,0.139613,0.139613,0.139613,0.139613,0.139613,0.139613,0.139613,0.139613,0.139613,0.139613,0.139613,0.139613,0.139613,0.139613,0.139613,0.139613,0.139613,0.139613,0.139613,0.139613,0.139613,0.139613,0.139613,0.139613,0.139613,0.139613,0.139613,0.139613,0.139613,0.139613,0.139613,0.139613,0.139613,0.139613,0.139613,0.139613,0.139613,0.139613,0.139613,0.139613,0.139613,0.139613,0.139613,0.139613
pre_act,0.01,16,loss,0.288611,0.279510,0.279432,0.279420,0.279369,0.279442,0.279338,0.279295,0.279342,0.279338,0.279281,0.279293,0.279278,0.279270,0.279247,0.279250,0.279258,0.279293,0.279263,0.279251,0.279217,0.280946,0.287638,0.287629,0.287630,0.287624,0.287627,0.287619,0.287621,0.287629,0.287625,0.287630,0.287623,0.287626,0.287639,0.287630,0.287627,0.287624,0.287621,0.287625,0.287628,0.287632,0.287622,0.287620,0.287636,0.287620,0.287626,0.287623,0.287625,0.287625
pre_act,0.01,16,accuracy,0.345444,0.386784,0.387189,0.386773,0.386923,0.386588,0.386900,0.386819,0.386935,0.387293,0.386900,0.386773,0.386773,0.386646,0.387016,0.387016,0.386993,0.387050,0.387155,0.387050,0.387074,0.381647,0.357812,0.357812,0.357812,0.357812,0.357812,0.357812,0.357812,0.357812,0.357812,0.357812,0.357812,0.336546,0.329407,0.357812,0.357812,0.357812,0.357812,0.357812,0.357812,0.357812,0.357812,0.357812,0.357812,0.357812,0.340480,0.357812,0.357812,0.357812
pre_act,0.01,16,val_loss,0.280935,0.284079,0.282510,0.280340,0.280281,0.280269,0.280205,0.280290,0.280215,0.280271,0.280270,0.280224,0.280214,0.280263,0.280211,0.280230,0.280221,0.280227,0.280263,0.280212,0.280209,0.288879,0.288875,0.288889,0.288876,0.288878,0.288895,0.288928,0.288872,0.288889,0.288883,0.288893,0.288880,0.288902,0.288879,0.288881,0.288895,0.288874,0.288894,0.288902,0.288907,0.288888,0.288888,0.288894,0.288883,0.288887,0.288899,0.288891,0.288892,0.288889
pre_act,0.01,16,val_accuracy,0.379532,0.379532,0.379532,0.379532,0.379532,0.376665,0.379532,0.379532,0.379532,0.379532,0.376989,0.378838,0.379532,0.379532,0.376989,0.379532,0.377174,0.379532,0.379532,0.379532,0.379532,0.349658,0.349658,0.349658,0.349658,0.349658,0.349658,0.349658,0.349658,0.349658,0.349658,0.349658,0.349658,0.226045,0.349658,0.349658,0.349658,0.349658,0.349658,0.349658,0.349658,0.349658,0.349658,0.349658,0.349658,0.349658,0.349658,0.349658,0.349658,0.349658
pre_act,0.001,16,loss,0.296779,0.280140,0.278859,0.278059,0.277573,0.277151,0.276853,0.276569,0.276314,0.276026,0.275726,0.275577,0.275260,0.274992,0.274842,0.274649,0.274523,0.274331,0.274021,0.273815,0.273624,0.273516,0.273342,0.273181,0.273014,0.272806,0.272770,0.272628,0.272459,0.272260,0.272241,0.271943,0.271820,0.271831,0.271650,0.271538,0.271677,0.271405,0.271129,0.271104,0.271040,0.271100,0.270879,0.270699,0.270678,0.270595,0.270531,0.270369,0.270291,0.270157
pre_act,0.001,16,accuracy,0.276288,0.374659,0.399199,0.414854,0.418117,0.420801,0.421056,0.419528,0.425580,0.428171,0.431932,0.434894,0.436849,0.440852,0.443710,0.446719,0.448813,0.450583,0.451208,0.457757,0.456958,0.460244,0.464896,0.465000,0.466828,0.468378,0.469130,0.472891,0.472243,0.475563,0.476489,0.478086,0.479000,0.476628,0.484519,0.485375,0.483894,0.488140,0.490269,0.489193,0.492826,0.490026,0.495407,0.496205,0.496760,0.499051,0.499861,0.502835,0.505184,0.505669
pre_act,0.001,16,val_loss,0.288891,0.288746,0.288349,0.286050,0.281848,0.279328,0.278600,0.278216,0.277963,0.277996,0.277624,0.277684,0.278185,0.277470,0.277448,0.277310,0.276997,0.276861,0.277386,0.276823,0.276643,0.276633,0.277382,0.276633,0.276705,0.276656,0.276287,0.276356,0.276137,0.276371,0.275988,0.275793,0.276085,0.276121,0.275827,0.275692,0.275814,0.276000,0.275761,0.275820,0.275920,0.275804,0.275609,0.276065,0.275793,0.275733,0.275655,0.275663,0.275957,0.275417
pre_act,0.001,16,val_accuracy,0.329356,0.364040,0.367092,0.387070,0.402146,0.412505,0.409452,0.417314,0.427164,0.422863,0.428922,0.418748,0.429893,0.428135,0.436922,0.436829,0.441315,0.437153,0.442194,0.443905,0.444552,0.446032,0.446957,0.432251,0.447327,0.435951,0.441176,0.453154,0.454356,0.453801,0.454865,0.455420,0.457825,0.457686,0.463975,0.459952,0.457408,0.462218,0.467305,0.464761,0.460044,0.459489,0.462958,0.462264,0.468461,0.471883,0.465178,0.466010,0.460183,0.472346
pre_act,0.0001,16,loss,0.320969,0.285522,0.282892,0.281180,0.280450,0.280042,0.279691,0.279450,0.279305,0.279164,0.279062,0.278991,0.278914,0.278815,0.278766,0.278682,0.278523,0.278465,0.278378,0.278289,0.278234,0.278202,0.278167,0.278067,0.278006,0.277958,0.277937,0.277848,0.277846,0.277775,0.277699,0.277676,0.277603,0.277603,0.277572,0.277554,0.277504,0.277497,0.277469,0.277413,0.277388,0.277299,0.277319,0.277356,0.277268,0.277248,0.277202,0.277195,0.277196,0.277147
pre_act,0.0001,16,accuracy,0.291144,0.275675,0.287442,0.346994,0.380918,0.387907,0.392651,0.397846,0.401143,0.403665,0.407565,0.408513,0.408803,0.410550,0.412320,0.413338,0.414079,0.414495,0.416080,0.417330,0.416740,0.418001,0.418348,0.420350,0.419320,0.422074,0.420755,0.420928,0.420442,0.422190,0.421576,0.421588,0.423370,0.424122,0.422676,0.423289,0.423474,0.423728,0.424307,0.424203,0.426181,0.425672,0.426852,0.426343,0.427558,0.426586,0.427200,0.426829,0.427292,0.428079
pre_act,0.0001,16,val_loss,0.289012,0.288175,0.286434,0.284004,0.282169,0.281168,0.280631,0.280319,0.280139,0.280050,0.279953,0.279872,0.279815,0.279751,0.279715,0.279583,0.279516,0.279420,0.279360,0.279288,0.279232,0.279190,0.279186,0.279100,0.279081,0.279100,0.279064,0.278990,0.278946,0.278948,0.278956,0.278921,0.278867,0.278908,0.278868,0.278805,0.278781,0.278803,0.278785,0.278810,0.278767,0.278795,0.278724,0.278761,0.278747,0.278723,0.278714,0.278670,0.278652,0.278622
pre_act,0.0001,16,val_accuracy,0.239780,0.234046,0.235942,0.245977,0.286950,0.333148,0.371670,0.385313,0.392989,0.392388,0.397151,0.398677,0.403903,0.403903,0.405475,0.405799,0.406539,0.407834,0.409360,0.409175,0.411071,0.412088,0.412273,0.411210,0.411256,0.412875,0.413013,0.413060,0.413568,0.413476,0.413060,0.413984,0.415973,0.414539,0.414031,0.415696,0.415881,0.415326,0.415233,0.414632,0.416158,0.416574,0.414586,0.415973,0.417222,0.416435,0.416528,0.416667,0.417083,0.418054
pre_act,1e-05,16,loss,0.350165,0.330854,0.319609,0.312275,0.307559,0.304090,0.301202,0.298793,0.296530,0.294403,0.292510,0.290750,0.289503,0.288785,0.288431,0.288249,0.288127,0.288043,0.287972,0.287894,0.287841,0.287788,0.287708,0.287657,0.287576,0.287524,0.287450,0.287379,0.287278,0.287187,0.287070,0.286932,0.286812,0.286617,0.286148,0.285287,0.284823,0.284326,0.283897,0.283454,0.283013,0.282560,0.282205,0.281895,0.281651,0.281416,0.281198,0.281008,0.280909,0.280704
pre_act,1e-05,16,accuracy,0.317270,0.309749,0.307990,0.299567,0.290739,0.281726,0.274078,0.264937,0.255901,0.248091,0.239691,0.231846,0.226998,0.225193,0.223319,0.220530,0.220519,0.220773,0.222150,0.223897,0.224580,0.227334,0.228329,0.230840,0.231129,0.231719,0.235155,0.237354,0.241334,0.242109,0.245893,0.247871,0.247339,0.249769,0.253332,0.288714,0.381867,0.383441,0.386055,0.387988,0.389341,0.391146,0.394803,0.394641,0.396365,0.397846,0.398470,0.399280,0.400032,0.401294
pre_act,1e-05,16,val_loss,0.289363,0.289400,0.289440,0.289616,0.290774,0.293632,0.295877,0.296418,0.295753,0.294423,0.292868,0.291351,0.290405,0.289897,0.289620,0.289464,0.289365,0.289292,0.289231,0.289177,0.289122,0.289060,0.288992,0.288923,0.288859,0.288792,0.288718,0.288641,0.288549,0.288447,0.288331,0.288214,0.288061,0.287798,0.287063,0.286485,0.285988,0.285489,0.284967,0.284519,0.284045,0.283617,0.283213,0.282904,0.282638,0.282406,0.282175,0.282033,0.281890,0.281763
pre_act,1e-05,16,val_accuracy,0.292869,0.277562,0.278811,0.282741,0.277285,0.270718,0.263180,0.263365,0.252497,0.243433,0.232889,0.229698,0.228126,0.226739,0.225074,0.222577,0.221559,0.223270,0.222993,0.225536,0.227525,0.228450,0.230993,0.233259,0.234462,0.235202,0.237098,0.239872,0.241352,0.243063,0.249491,0.249584,0.251942,0.253468,0.256891,0.376017,0.378006,0.380272,0.384665,0.385683,0.387024,0.387532,0.392342,0.393267,0.393590,0.393822,0.394654,0.394284,0.395903,0.394469
pre_act,1e-06,16,loss,0.395663,0.392340,0.389027,0.385690,0.382114,0.378765,0.375235,0.371974,0.368790,0.365898,0.362653,0.359598,0.356727,0.353908,0.350844,0.348011,0.345338,0.342765,0.339860,0.337625,0.334735,0.332571,0.330216,0.328003,0.326310,0.324718,0.323075,0.321748,0.320069,0.319048,0.317729,0.316756,0.315768,0.314603,0.313740,0.312766,0.311635,0.310644,0.309861,0.308889,0.308198,0.307268,0.306613,0.305780,0.305198,0.304405,0.303704,0.303061,0.302491,0.301910
pre_act,1e-06,16,accuracy,0.311080,0.306116,0.298977,0.292428,0.285660,0.279759,0.272169,0.265932,0.260344,0.256456,0.251967,0.249421,0.247455,0.244261,0.243208,0.241207,0.242352,0.239876,0.240420,0.238580,0.240767,0.238198,0.238187,0.238233,0.236914,0.236254,0.234218,0.235225,0.237180,0.236139,0.235873,0.234195,0.233026,0.235965,0.234854,0.234808,0.235340,0.235803,0.234530,0.236856,0.234635,0.236463,0.235213,0.235688,0.238268,0.239517,0.239760,0.240304,0.241924,0.241623
pre_act,1e-06,16,val_loss,0.289832,0.289724,0.289913,0.290666,0.295638,0.314423,0.339566,0.354835,0.360836,0.362109,0.360779,0.358631,0.356019,0.353494,0.350662,0.348006,0.345515,0.342674,0.340283,0.337863,0.335663,0.333524,0.331401,0.329451,0.327674,0.326067,0.324606,0.323229,0.321843,0.320631,0.319363,0.318291,0.317251,0.316288,0.315255,0.314221,0.313320,0.312406,0.311574,0.310745,0.309890,0.309001,0.308209,0.307421,0.306705,0.306037,0.305451,0.304796,0.304240,0.303662
pre_act,1e-06,16,val_accuracy,0.241075,0.236219,0.233861,0.234554,0.241861,0.241491,0.246300,0.246115,0.248104,0.247179,0.245699,0.243110,0.242601,0.242555,0.241167,0.240612,0.239456,0.238254,0.237051,0.235525,0.235294,0.234092,0.232612,0.231733,0.231271,0.230855,0.231687,0.232149,0.232843,0.232936,0.232566,0.231225,0.233121,0.232797,0.232288,0.232103,0.231410,0.234046,0.235017,0.235479,0.235525,0.235895,0.237236,0.239179,0.240335,0.239549,0.240289,0.239179,0.238716,0.240196
pre_act,1e-07,16,loss,0.411136,0.410413,0.409890,0.409640,0.408907,0.408642,0.407771,0.407383,0.406609,0.406451,0.405567,0.404916,0.404508,0.404048,0.403169,0.402889,0.402064,0.401504,0.401250,0.400259,0.399803,0.399260,0.398849,0.397775,0.397102,0.396517,0.396109,0.395205,0.394832,0.393777,0.393381,0.393149,0.392328,0.391920,0.391150,0.390131,0.389995,0.389178,0.388610,0.388013,0.387281,0.387237,0.386248,0.385948,0.385390,0.384493,0.384529,0.383668,0.383289,0.382969
pre_act,1e-07,16,accuracy,0.208081,0.208960,0.208925,0.208439,0.208208,0.209249,0.209492,0.208625,0.208694,0.208312,0.210117,0.208463,0.207479,0.209573,0.209053,0.208810,0.210129,0.209365,0.208520,0.209851,0.211401,0.210638,0.208636,0.209272,0.210626,0.209874,0.211934,0.211066,0.211390,0.211135,0.212188,0.210753,0.211344,0.212072,0.211853,0.212107,0.211864,0.211552,0.213438,0.214213,0.212454,0.213877,0.214433,0.213866,0.214097,0.215856,0.215578,0.215231,0.215058,0.215023
pre_act,1e-07,16,val_loss,0.291133,0.291270,0.292087,0.294411,0.302698,0.326788,0.358637,0.382172,0.394488,0.400425,0.403196,0.404097,0.404262,0.404169,0.403819,0.403052,0.402516,0.402041,0.401344,0.400676,0.399991,0.399443,0.398855,0.398325,0.397748,0.397071,0.396460,0.395932,0.395075,0.394358,0.393756,0.393261,0.392624,0.392183,0.391523,0.390735,0.390148,0.389453,0.389134,0.388510,0.388138,0.387514,0.386979,0.386525,0.386040,0.385540,0.384848,0.384492,0.384085,0.383536
pre_act,1e-07,16,val_accuracy,0.217212,0.220866,0.220588,0.219571,0.213929,0.212680,0.211617,0.210461,0.210461,0.210461,0.209027,0.209582,0.209674,0.209443,0.209166,0.209859,0.209674,0.209212,0.210183,0.210044,0.209397,0.209397,0.210091,0.210183,0.210784,0.211154,0.210599,0.211154,0.211062,0.211432,0.211386,0.212403,0.211293,0.211062,0.210784,0.211201,0.211478,0.211802,0.211386,0.212033,0.212449,0.212403,0.212218,0.212218,0.212310,0.211848,0.212264,0.212079,0.213235,0.214160
pre_act,1e-08,16,loss,0.379815,0.379776,0.379706,0.379732,0.379495,0.379407,0.379222,0.379690,0.379672,0.379503,0.379347,0.379324,0.379409,0.379195,0.379521,0.379446,0.379317,0.379548,0.379325,0.379744,0.378825,0.378947,0.379202,0.379344,0.379299,0.378952,0.378971,0.379495,0.379084,0.378884,0.378787,0.378945,0.378693,0.378963,0.378703,0.379112,0.378458,0.378795,0.378645,0.378724,0.378865,0.378706,0.378612,0.379091,0.378315,0.378472,0.378738,0.378591,0.378514,0.378564
pre_act,1e-08,16,accuracy,0.278903,0.278475,0.280071,0.280708,0.278579,0.278486,0.278845,0.279470,0.278463,0.278937,0.278208,0.278972,0.278718,0.280268,0.277954,0.280951,0.279944,0.279423,0.279527,0.278706,0.283045,0.279967,0.278313,0.280002,0.280106,0.280002,0.280372,0.278764,0.279689,0.279284,0.280627,0.280199,0.279782,0.281471,0.279377,0.280210,0.279770,0.280187,0.279713,0.281332,0.281159,0.280476,0.280661,0.277803,0.281599,0.281737,0.279470,0.280870,0.280013,0.281506
pre_act,1e-08,16,val_loss,0.289755,0.289815,0.290101,0.291139,0.297173,0.320268,0.346567,0.362448,0.371673,0.376388,0.378722,0.379915,0.380439,0.380605,0.380879,0.380871,0.380674,0.380539,0.380690,0.380756,0.380684,0.380709,0.380495,0.380513,0.380475,0.380896,0.380768,0.380750,0.380708,0.380560,0.380619,0.380602,0.380488,0.380473,0.380319,0.380233,0.380247,0.380175,0.380103,0.380101,0.379963,0.380063,0.380342,0.380227,0.379991,0.379840,0.379885,0.379932,0.380007,0.379773
pre_act,1e-08,16,val_accuracy,0.249908,0.246578,0.245745,0.252682,0.256012,0.261422,0.265122,0.270533,0.275851,0.274880,0.275250,0.275157,0.274602,0.274741,0.274186,0.274417,0.274094,0.274279,0.273862,0.274047,0.273909,0.274047,0.274325,0.273354,0.273631,0.274047,0.274186,0.274371,0.274972,0.273955,0.274926,0.274464,0.274186,0.274094,0.274001,0.274926,0.274464,0.274649,0.274787,0.275111,0.275250,0.275111,0.275388,0.274371,0.273816,0.274510,0.274972,0.274047,0.276036,0.275388
pre_act,1e-09,16,loss,0.365232,0.365395,0.365274,0.365300,0.365278,0.365266,0.365366,0.365358,0.365178,0.365242,0.365241,0.365053,0.365446,0.365436,0.365350,0.365239,0.365282,0.365367,0.365304,0.365359,0.365379,0.365243,0.365360,0.365161,0.365063,0.365305,0.365209,0.365406,0.365096,0.365286,0.365323,0.365276,0.365305,0.365265,0.365315,0.365143,0.365326,0.365205,0.365101,0.365309,0.365233,0.365303,0.365206,0.365411,0.365448,0.365121,0.365167,0.365097,0.365352,0.365110
pre_act,1e-09,16,accuracy,0.161707,0.161186,0.160989,0.160943,0.162609,0.163234,0.161614,0.161985,0.162216,0.161024,0.161927,0.162378,0.161857,0.162390,0.161718,0.163026,0.161973,0.161499,0.161985,0.162181,0.161441,0.162297,0.160885,0.162285,0.161776,0.162008,0.161279,0.161637,0.162008,0.160909,0.161753,0.160585,0.160793,0.161672,0.161996,0.162470,0.162228,0.162748,0.162771,0.161151,0.161094,0.161337,0.162274,0.160156,0.161406,0.161290,0.161452,0.161256,0.160862,0.162216
pre_act,1e-09,16,val_loss,0.290324,0.290333,0.290449,0.290921,0.292839,0.302522,0.323590,0.343157,0.355141,0.361001,0.363766,0.364943,0.365508,0.366071,0.366374,0.366371,0.366327,0.366190,0.366386,0.366489,0.366629,0.366353,0.366182,0.366261,0.366196,0.366192,0.366064,0.366160,0.366379,0.366284,0.366158,0.366205,0.366048,0.366302,0.366067,0.366072,0.366163,0.366430,0.366314,0.366377,0.366237,0.366230,0.366277,0.366258,0.366346,0.366235,0.366104,0.366253,0.366224,0.366203
pre_act,1e-09,16,val_accuracy,0.176656,0.179014,0.189327,0.194691,0.195847,0.186367,0.174251,0.164771,0.161302,0.159545,0.158620,0.157741,0.157603,0.157371,0.157325,0.157880,0.157325,0.156678,0.157880,0.157695,0.158019,0.157926,0.157510,0.158019,0.157279,0.157140,0.158019,0.157186,0.157788,0.157556,0.158065,0.157695,0.158019,0.158158,0.157418,0.157926,0.158158,0.157973,0.158250,0.157649,0.157880,0.157973,0.157371,0.157788,0.157880,0.157510,0.158019,0.158851,0.158111,0.158666
pre_act_mod,0.1,16,loss,0.485107,0.487192,0.487192,0.487192,0.487192,0.487192,0.487192,0.487192,0.487192,0.487192,0.487192,0.487192,0.487192,0.487192,0.487192,0.487192,0.487192,0.487192,0.487192,0.487192,0.487192,0.487192,0.487192,0.487192,0.487192,0.487192,0.487192,0.487192,0.487192,0.487192,0.487192,0.487192,0.487192,0.487192,0.487192,0.487192,0.487192,0.487192,0.487192,0.487192,0.487192,0.487192,0.487192,0.487192,0.487192,0.487192,0.487192,0.487192,0.487192,0.487192
pre_act_mod,0.1,16,accuracy,0.145335,0.140903,0.140903,0.140903,0.140903,0.140903,0.140903,0.140903,0.140903,0.140903,0.140903,0.140903,0.140903,0.140903,0.140903,0.140903,0.140903,0.140903,0.140903,0.140903,0.140903,0.140903,0.140903,0.140903,0.140903,0.140903,0.140903,0.140903,0.140903,0.140903,0.140903,0.140903,0.140903,0.140903,0.140903,0.140903,0.140903,0.140903,0.140903,0.140903,0.140903,0.140903,0.140903,0.140903,0.140903,0.140903,0.140903,0.140903,0.140903,0.140903
pre_act_mod,0.1,16,val_loss,0.490380,0.490380,0.490380,0.490380,0.490380,0.490380,0.490380,0.490380,0.490380,0.490380,0.490380,0.490380,0.490380,0.490380,0.490380,0.490380,0.490380,0.490380,0.490380,0.490380,0.490380,0.490380,0.490380,0.490380,0.490380,0.490380,0.490380,0.490380,0.490380,0.490380,0.490380,0.490380,0.490380,0.490380,0.490380,0.490380,0.490380,0.490380,0.490380,0.490380,0.490380,0.490380,0.490380,0.490380,0.490380,0.490380,0.490380,0.490380,0.490380,0.490380
pre_act_mod,0.1,16,val_accuracy,0.139613,0.139613,0.139613,0.139613,0.139613,0.139613,0.139613,0.139613,0.139613,0.139613,0.139613,0.139613,0.139613,0.139613,0.139613,0.139613,0.139613,0.139613,0.139613,0.139613,0.139613,0.139613,0.139613,0.139613,0.139613,0.139613,0.139613,0.139613,0.139613,0.139613,0.139613,0.139613,0.139613,0.139613,0.139613,0.139613,0.139613,0.139613,0.139613,0.139613,0.139613,0.139613,0.139613,0.139613,0.139613,0.139613,0.139613,0.139613,0.139613,0.139613
pre_act_mod,0.01,16,loss,0.287917,0.279354,0.279299,0.279233,0.279249,0.279181,0.279182,0.278805,0.278539,0.278464,0.278431,0.278426,0.278408,0.278387,0.278429,0.278364,0.278396,0.278384,0.278294,0.278268,0.278265,0.278280,0.278294,0.278266,0.278230,0.278236,0.278213,0.278187,0.278206,0.278285,0.278243,0.278175,0.278133,0.278158,0.278151,0.278146,0.278126,0.278090,0.278123,0.278077,0.277995,0.278019,0.278098,0.278254,0.278096,0.278032,0.277969,0.278000,0.278067,0.278003
pre_act_mod,0.01,16,accuracy,0.340422,0.397163,0.397533,0.395439,0.392535,0.392766,0.394294,0.396851,0.396550,0.397487,0.396827,0.397637,0.397325,0.397429,0.397614,0.397464,0.398285,0.397834,0.398077,0.398251,0.397903,0.398320,0.397973,0.398494,0.398551,0.398968,0.398227,0.398621,0.399153,0.398031,0.398806,0.398956,0.399361,0.399199,0.398968,0.399049,0.399257,0.399419,0.399107,0.398771,0.399546,0.399165,0.399361,0.398864,0.399662,0.399373,0.399928,0.399917,0.399072,0.399651
pre_act_mod,0.01,16,val_loss,0.284980,0.286254,0.280798,0.281196,0.280332,0.280385,0.280262,0.279891,0.279582,0.279743,0.279621,0.279742,0.279732,0.279727,0.279659,0.279920,0.279688,0.279621,0.279681,0.279707,0.279630,0.279618,0.279803,0.279943,0.279694,0.279641,0.279857,0.279753,0.279628,0.279726,0.279691,0.279583,0.279639,0.279753,0.279522,0.279776,0.279777,0.279590,0.279679,0.279671,0.279730,0.279548,0.279597,0.279588,0.279629,0.279612,0.279568,0.279529,0.279467,0.279745
pre_act_mod,0.01,16,val_accuracy,0.387024,0.385775,0.390585,0.384249,0.385590,0.385081,0.387949,0.387625,0.389937,0.388504,0.390631,0.389752,0.390076,0.388966,0.391324,0.388827,0.388920,0.390770,0.387810,0.388735,0.390353,0.390030,0.388134,0.386422,0.390631,0.390076,0.389891,0.389706,0.388365,0.388735,0.389382,0.389567,0.390492,0.389521,0.391047,0.388689,0.388827,0.390446,0.390862,0.389567,0.389012,0.389521,0.389891,0.390168,0.389521,0.390908,0.389475,0.390723,0.391417,0.389706
pre_act_mod,0.001,16,loss,0.305813,0.278498,0.277501,0.276548,0.275478,0.274717,0.274047,0.273603,0.272962,0.272564,0.272115,0.271684,0.271427,0.271003,0.270929,0.270647,0.270101,0.269978,0.269658,0.269462,0.269375,0.269103,0.268849,0.268523,0.268429,0.268359,0.268158,0.268041,0.267854,0.267674,0.267477,0.267340,0.267281,0.267201,0.267163,0.267031,0.266892,0.266801,0.266623,0.266718,0.266379,0.266261,0.266101,0.266225,0.266048,0.265942,0.266009,0.265699,0.265648,0.265749
pre_act_mod,0.001,16,accuracy,0.340179,0.398181,0.415444,0.430775,0.442623,0.453221,0.463241,0.469084,0.477635,0.483524,0.489749,0.498276,0.501099,0.503795,0.505079,0.507336,0.515377,0.516823,0.521995,0.521926,0.522840,0.530546,0.533126,0.536782,0.539281,0.537719,0.539802,0.543319,0.546073,0.547346,0.550840,0.556255,0.554230,0.554068,0.553316,0.554566,0.559680,0.559610,0.562873,0.560258,0.567571,0.569202,0.571366,0.566761,0.572812,0.573599,0.570706,0.579095,0.578863,0.576491
pre_act_mod,0.001,16,val_loss,0.282879,0.280481,0.280033,0.278880,0.277361,0.276602,0.276128,0.275790,0.275559,0.275517,0.275274,0.275123,0.275199,0.275383,0.275348,0.274683,0.274778,0.275247,0.275073,0.274898,0.274790,0.274401,0.274681,0.275321,0.274886,0.274821,0.274452,0.274970,0.274520,0.274895,0.274764,0.274900,0.274538,0.274761,0.274405,0.274495,0.274528,0.274773,0.274678,0.274386,0.274326,0.274708,0.274969,0.274920,0.274429,0.274239,0.274577,0.274541,0.274460,0.274669
pre_act_mod,0.001,16,val_accuracy,0.354190,0.375277,0.331484,0.388457,0.439974,0.445662,0.449686,0.460461,0.451767,0.467212,0.476369,0.471929,0.476878,0.481317,0.459674,0.478959,0.485942,0.454171,0.477248,0.464808,0.467906,0.477571,0.482381,0.466519,0.478866,0.482797,0.487236,0.485757,0.491213,0.472947,0.481872,0.473594,0.491861,0.463004,0.494543,0.489364,0.481641,0.467259,0.486219,0.490196,0.497364,0.483583,0.492555,0.492092,0.490196,0.489179,0.495699,0.475536,0.485803,0.466565
pre_act_mod,0.0001,16,loss,0.302240,0.285462,0.282676,0.281369,0.280342,0.279740,0.279338,0.279054,0.278868,0.278701,0.278555,0.278433,0.278338,0.278251,0.278135,0.278068,0.277974,0.277912,0.277798,0.277737,0.277666,0.277628,0.277535,0.277489,0.277426,0.277343,0.277241,0.277140,0.277125,0.277045,0.276978,0.276901,0.276831,0.276786,0.276728,0.276662,0.276569,0.276473,0.276353,0.276328,0.276214,0.276089,0.276050,0.275970,0.275885,0.275771,0.275727,0.275592,0.275538,0.275431
pre_act_mod,0.0001,16,accuracy,0.259441,0.248693,0.360786,0.374555,0.383417,0.391517,0.396434,0.400403,0.401791,0.404637,0.406489,0.408039,0.408884,0.409497,0.411013,0.412170,0.412748,0.413709,0.414333,0.416474,0.414669,0.415074,0.416509,0.416150,0.416833,0.416439,0.418707,0.418071,0.418961,0.418857,0.421356,0.421576,0.424423,0.422537,0.424342,0.423138,0.424191,0.424110,0.425510,0.425395,0.427882,0.428021,0.428819,0.428495,0.429676,0.432395,0.431538,0.431643,0.434871,0.435137
pre_act_mod,0.0001,16,val_loss,0.288510,0.286560,0.284819,0.282862,0.281448,0.280644,0.280172,0.280000,0.279865,0.279732,0.279627,0.279544,0.279497,0.279448,0.279395,0.279359,0.279312,0.279234,0.279189,0.279130,0.279121,0.279099,0.279045,0.279029,0.278974,0.278937,0.278880,0.278862,0.278809,0.278834,0.278811,0.278760,0.278736,0.278701,0.278701,0.278688,0.278623,0.278538,0.278499,0.278437,0.278410,0.278352,0.278312,0.278301,0.278277,0.278253,0.278194,0.278161,0.278139,0.278090
pre_act_mod,0.0001,16,val_accuracy,0.228635,0.229467,0.372318,0.376619,0.383047,0.386746,0.392296,0.393822,0.394423,0.398539,0.398354,0.398585,0.401452,0.401637,0.401961,0.401406,0.402886,0.404319,0.404412,0.403441,0.403764,0.404874,0.403949,0.402932,0.404042,0.402886,0.403256,0.402516,0.405475,0.405244,0.406077,0.405892,0.407186,0.405383,0.405522,0.405707,0.406400,0.404874,0.406632,0.408805,0.408944,0.409776,0.408990,0.409314,0.411256,0.410424,0.410192,0.412458,0.408065,0.413106
pre_act_mod,1e-05,16,loss,0.375644,0.362439,0.351669,0.341616,0.332898,0.323647,0.315024,0.307282,0.301878,0.298249,0.295671,0.293777,0.292339,0.290628,0.289122,0.287936,0.286883,0.286075,0.285360,0.284659,0.283992,0.283470,0.282979,0.282597,0.282244,0.281910,0.281692,0.281492,0.281275,0.281145,0.280976,0.280816,0.280657,0.280546,0.280410,0.280303,0.280211,0.280148,0.280090,0.279950,0.279846,0.279797,0.279734,0.279659,0.279603,0.279559,0.279459,0.279380,0.279328,0.279264
pre_act_mod,1e-05,16,accuracy,0.285648,0.282686,0.289663,0.295888,0.297022,0.304172,0.308905,0.311624,0.313000,0.314493,0.314192,0.314956,0.318346,0.324964,0.329963,0.331872,0.335007,0.337310,0.336396,0.340445,0.344368,0.343754,0.347769,0.351391,0.353103,0.357592,0.362047,0.362683,0.369568,0.372437,0.371292,0.376892,0.378269,0.382781,0.386518,0.386808,0.389677,0.389156,0.392813,0.394571,0.396550,0.399003,0.399847,0.400946,0.401051,0.402601,0.402809,0.404626,0.405528,0.406118
pre_act_mod,1e-05,16,val_loss,0.321688,0.328271,0.326848,0.323306,0.318904,0.312278,0.307442,0.303170,0.299944,0.297715,0.295955,0.294436,0.292889,0.291229,0.289732,0.288633,0.287721,0.286956,0.286182,0.285519,0.284933,0.284408,0.283954,0.283583,0.283249,0.282986,0.282768,0.282576,0.282404,0.282245,0.282088,0.281951,0.281832,0.281713,0.281606,0.281507,0.281407,0.281333,0.281243,0.281162,0.281091,0.281012,0.280945,0.280874,0.280818,0.280750,0.280683,0.280616,0.280550,0.280487
pre_act_mod,1e-05,16,val_accuracy,0.240659,0.240566,0.255087,0.282649,0.281909,0.297309,0.305818,0.308870,0.308962,0.303598,0.306141,0.307436,0.315668,0.321587,0.327229,0.333888,0.333796,0.336524,0.338004,0.336894,0.339160,0.344386,0.347623,0.350583,0.351138,0.356225,0.358583,0.361866,0.365335,0.368248,0.372087,0.373798,0.375509,0.378838,0.380457,0.384249,0.387024,0.387532,0.389336,0.391648,0.394007,0.395764,0.395903,0.398539,0.400342,0.400620,0.400990,0.401267,0.401637,0.401961
pre_act_mod,1e-06,16,loss,0.458383,0.452740,0.445152,0.434841,0.422568,0.408889,0.397477,0.388664,0.383048,0.378814,0.375888,0.374004,0.372612,0.370988,0.369973,0.368955,0.367917,0.367125,0.366172,0.365263,0.364226,0.363502,0.362825,0.361850,0.360747,0.360110,0.359131,0.358161,0.357515,0.356651,0.355714,0.354998,0.354366,0.353488,0.352971,0.352183,0.351459,0.350848,0.350139,0.349544,0.348979,0.348266,0.347734,0.346982,0.346396,0.345877,0.345365,0.344581,0.343898,0.343415
pre_act_mod,1e-06,16,accuracy,0.280002,0.279689,0.278637,0.276658,0.271394,0.265701,0.256040,0.247593,0.238650,0.232760,0.227588,0.224372,0.221468,0.222370,0.220079,0.219720,0.219454,0.218644,0.218344,0.220438,0.219327,0.217904,0.218494,0.219304,0.219362,0.219720,0.220021,0.218749,0.219524,0.219154,0.221120,0.219339,0.220322,0.220820,0.220854,0.221641,0.222335,0.223458,0.221537,0.222509,0.223423,0.221907,0.223296,0.225529,0.224279,0.224441,0.224059,0.224187,0.225702,0.224858
pre_act_mod,1e-06,16,val_loss,0.397995,0.418987,0.415858,0.403361,0.389739,0.381379,0.378549,0.377050,0.376116,0.374793,0.373560,0.372327,0.371204,0.370048,0.369009,0.368275,0.367263,0.366575,0.365677,0.364764,0.363676,0.362819,0.361978,0.361130,0.360198,0.359386,0.358533,0.357669,0.356886,0.356221,0.355462,0.354690,0.354097,0.353435,0.352692,0.351963,0.351301,0.350731,0.350039,0.349430,0.348827,0.348219,0.347579,0.346951,0.346343,0.345802,0.345195,0.344573,0.343946,0.343338
pre_act_mod,1e-06,16,val_accuracy,0.285285,0.285377,0.284406,0.281215,0.274510,0.261746,0.252358,0.243849,0.236774,0.229652,0.226184,0.223594,0.221698,0.222114,0.221374,0.222022,0.222114,0.222161,0.222900,0.222623,0.222392,0.222299,0.222854,0.222623,0.224010,0.224935,0.224797,0.224334,0.223548,0.223733,0.224750,0.224797,0.225213,0.225906,0.225583,0.227016,0.227479,0.227432,0.228080,0.229097,0.230022,0.230207,0.229144,0.230022,0.230022,0.230207,0.230438,0.230808,0.230531,0.230392
pre_act_mod,1e-07,16,loss,0.459647,0.459543,0.459429,0.459345,0.459209,0.459066,0.458965,0.458828,0.458658,0.458562,0.458418,0.458217,0.458057,0.457814,0.457710,0.457490,0.457321,0.457155,0.456953,0.456691,0.456536,0.456289,0.456067,0.455747,0.455519,0.455291,0.454972,0.454648,0.454278,0.454053,0.453696,0.453340,0.452927,0.452538,0.452218,0.451745,0.451411,0.450913,0.450510,0.449978,0.449492,0.449094,0.448571,0.448033,0.447444,0.447017,0.446406,0.445774,0.445168,0.444603
pre_act_mod,1e-07,16,accuracy,0.357731,0.357731,0.357697,0.357627,0.357673,0.357616,0.357650,0.357616,0.357604,0.357639,0.357535,0.357535,0.357616,0.357592,0.357569,0.357396,0.357511,0.357500,0.357442,0.357442,0.357384,0.357477,0.357373,0.357326,0.357222,0.357268,0.357338,0.357280,0.357141,0.357049,0.356898,0.357014,0.356829,0.356829,0.356574,0.356655,0.356435,0.356262,0.356378,0.356007,0.356169,0.355938,0.356030,0.355984,0.355672,0.355683,0.355579,0.355059,0.355128,0.354723
pre_act_mod,1e-07,16,val_loss,0.430301,0.454230,0.457890,0.458928,0.459391,0.459776,0.459876,0.459866,0.459778,0.459677,0.459551,0.459391,0.459221,0.459034,0.458857,0.458668,0.458464,0.458244,0.458024,0.457808,0.457590,0.457347,0.457074,0.456814,0.456527,0.456237,0.455944,0.455631,0.455323,0.454981,0.454620,0.454274,0.453889,0.453471,0.453102,0.452691,0.452262,0.451826,0.451369,0.450892,0.450418,0.449930,0.449385,0.448845,0.448330,0.447780,0.447165,0.446545,0.445936,0.445306
pre_act_mod,1e-07,16,val_accuracy,0.349658,0.349658,0.349658,0.349658,0.349658,0.349658,0.349565,0.349473,0.349473,0.349473,0.349473,0.349473,0.349427,0.349473,0.349473,0.349473,0.349427,0.349427,0.349473,0.349473,0.349380,0.349334,0.349288,0.349195,0.349149,0.349149,0.349242,0.349195,0.349195,0.348964,0.348779,0.348687,0.348640,0.348640,0.348317,0.348224,0.348039,0.347715,0.347531,0.347346,0.347299,0.347253,0.347114,0.346976,0.346837,0.346837,0.346698,0.346559,0.346374,0.346282
pre_act_mod,1e-08,16,loss,0.471486,0.471448,0.471388,0.471401,0.471363,0.471346,0.471386,0.471345,0.471278,0.471285,0.471297,0.471265,0.471290,0.471285,0.471212,0.471119,0.471171,0.471074,0.471180,0.471070,0.471121,0.471063,0.471078,0.470953,0.471018,0.471051,0.470962,0.470973,0.470931,0.470872,0.470890,0.470871,0.470870,0.470814,0.470786,0.470755,0.470700,0.470752,0.470713,0.470675,0.470716,0.470703,0.470697,0.470556,0.470631,0.470588,0.470493,0.470533,0.470529,0.470549
pre_act_mod,1e-08,16,accuracy,0.276704,0.276808,0.276670,0.276751,0.276716,0.276739,0.276808,0.276866,0.276866,0.276878,0.276681,0.276808,0.276739,0.276635,0.276843,0.276901,0.276623,0.276843,0.276565,0.276832,0.276762,0.276704,0.276866,0.276947,0.276820,0.276832,0.276878,0.276635,0.276751,0.276866,0.276739,0.277017,0.276878,0.276936,0.276843,0.276762,0.276612,0.276785,0.276716,0.276716,0.276727,0.276808,0.276612,0.276866,0.276797,0.276774,0.276866,0.276577,0.276866,0.276635
pre_act_mod,1e-08,16,val_loss,0.408452,0.448363,0.459908,0.464680,0.467197,0.468736,0.469691,0.470216,0.470535,0.470677,0.470714,0.470703,0.470696,0.470672,0.470657,0.470639,0.470613,0.470597,0.470595,0.470564,0.470549,0.470528,0.470512,0.470484,0.470461,0.470448,0.470424,0.470381,0.470346,0.470329,0.470316,0.470309,0.470293,0.470281,0.470274,0.470246,0.470229,0.470213,0.470186,0.470155,0.470144,0.470109,0.470081,0.470067,0.470042,0.470033,0.470004,0.469971,0.469968,0.469948
pre_act_mod,1e-08,16,val_accuracy,0.285840,0.285886,0.285470,0.285100,0.284961,0.284637,0.284221,0.284360,0.284591,0.284591,0.284591,0.284545,0.284637,0.284499,0.284637,0.284637,0.284637,0.284637,0.284637,0.284637,0.284591,0.284637,0.284545,0.284545,0.284591,0.284545,0.284545,0.284499,0.284499,0.284452,0.284545,0.284545,0.284406,0.284499,0.284452,0.284406,0.284452,0.284452,0.284406,0.284452,0.284452,0.284452,0.284406,0.284406,0.284406,0.284452,0.284452,0.284499,0.284545,0.284545
pre_act_mod,1e-09,16,loss,0.480236,0.480227,0.480234,0.480241,0.480216,0.480230,0.480229,0.480232,0.480216,0.480230,0.480231,0.480228,0.480224,0.480233,0.480228,0.480230,0.480244,0.480227,0.480227,0.480233,0.480234,0.480232,0.480236,0.480228,0.480234,0.480246,0.480234,0.480237,0.480217,0.480229,0.480229,0.480218,0.480225,0.480226,0.480221,0.480228,0.480216,0.480229,0.480225,0.480229,0.480221,0.480215,0.480230,0.480233,0.480231,0.480236,0.480223,0.480245,0.480220,0.480237
pre_act_mod,1e-09,16,accuracy,0.276727,0.276727,0.276727,0.276727,0.276727,0.276727,0.276727,0.276727,0.276727,0.276727,0.276727,0.276727,0.276727,0.276727,0.276727,0.276727,0.276727,0.276727,0.276727,0.276727,0.276727,0.276727,0.276727,0.276727,0.276727,0.276727,0.276727,0.276727,0.276716,0.276727,0.276727,0.276727,0.276727,0.276727,0.276727,0.276727,0.276727,0.276727,0.276727,0.276716,0.276727,0.276727,0.276727,0.276727,0.276727,0.276727,0.276727,0.276727,0.276727,0.276727
pre_act_mod,1e-09,16,val_loss,0.474941,0.476640,0.477663,0.478641,0.479072,0.479376,0.479632,0.479748,0.479781,0.479797,0.479802,0.479806,0.479806,0.479808,0.479806,0.479809,0.479811,0.479813,0.479816,0.479817,0.479815,0.479809,0.479808,0.479810,0.479815,0.479817,0.479818,0.479817,0.479809,0.479810,0.479812,0.479813,0.479815,0.479811,0.479810,0.479813,0.479813,0.479812,0.479808,0.479811,0.479807,0.479809,0.479809,0.479813,0.479812,0.479810,0.479809,0.479811,0.479805,0.479815
pre_act_mod,1e-09,16,val_accuracy,0.284684,0.284684,0.284684,0.284684,0.284684,0.284684,0.284684,0.284684,0.284684,0.284684,0.284684,0.284684,0.284684,0.284684,0.284684,0.284684,0.284684,0.284684,0.284684,0.284684,0.284684,0.284684,0.284684,0.284684,0.284684,0.284684,0.284684,0.284684,0.284684,0.284684,0.284684,0.284684,0.284684,0.284684,0.284684,0.284684,0.284684,0.284684,0.284684,0.284684,0.284684,0.284684,0.284684,0.284684,0.284684,0.284684,0.284684,0.284684,0.284684,0.284684
